Database,Units,Series_Code,Country,Descriptor,1970A1,1971A1,1972A1,1973A1,1974A1,1975A1,1976A1,1977A1,1978A1,1979A1,1980A1,1981A1,1982A1,1983A1,1984A1,1985A1,1986A1,1987A1,1988A1,1989A1,1990A1,1991A1,1992A1,1993A1,1994A1,1995A1,1996A1,1997A1,1998A1,1999A1,2000A1
World Economic Outlook,Annual percent change,W512PCPI%,AFGHANISTAN,Inflation,25.51,25.51,-12.52,-10.68,10.23,11.85,0.60,7.65,-2.15,9.90,12.56,21.50,16.54,19.63,27.39,9.68,-8.70,18.19,29.21,89.80,157.80,166.02,58.19,33.99,20.01,14.00,14.01,14.01,14.01,n.a.,n.a.
World Economic Outlook,Annual percent change,W914PCPI%,ALBANIA,Inflation,0.00,0.00,0.00,0.00,0.00,0.00,0.00,0.00,0.00,0.00,0.00,0.00,0.00,0.00,0.00,0.00,0.00,0.00,0.00,0.00,0.00,35.79,225.23,85.01,22.61,7.80,12.70,33.20,20.70,7.10,5.50
World Economic Outlook,Annual percent change,W612PCPI%,ALGERIA,Inflation,6.60,2.63,3.66,6.17,4.73,8.96,8.88,12.10,17.17,11.45,9.67,14.61,6.59,7.84,6.31,10.43,14.01,5.86,5.94,9.17,16.69,25.90,31.70,20.50,29.00,29.80,18.69,6.79,6.22,7.00,7.00
World Economic Outlook,Annual percent change,W614PCPI%,ANGOLA,Inflation,7.97,5.78,15.80,15.67,27.42,29.00,80.70,69.01,48.46,101.30,46.71,1.83,1.83,1.83,1.83,1.83,1.83,1.83,1.83,1.83,1.83,83.60,299.10,1379.48,949.77,2671.58,4147.01,111.16,77.66,n.a.,n.a.
World Economic Outlook,Annual percent change,W311PCPI%,ANTIGUA AND BARBUDA,Inflation,8.87,8.63,12.67,21.72,12.97,8.61,15.62,13.75,6.15,16.33,19.00,11.47,4.17,2.35,3.84,1.00,0.50,3.60,6.80,4.36,6.52,4.59,3.00,3.10,3.45,2.73,3.46,1.16,1.16,n.a.,n.a.
World Economic Outlook,Annual percent change,W213PCPI%,ARGENTINA,Inflation,13.55,34.78,58.41,61.21,23.47,182.90,444.00,176.00,175.50,159.50,100.80,104.50,162.57,343.80,626.73,672.16,90.10,131.30,343.00,3080.50,2314.70,171.70,24.90,10.60,4.20,3.40,0.20,0.80,0.88,0.64,0.90
World Economic Outlook,Annual percent change,W911PCPI%,ARMENIA,Inflation,n.a.,n.a.,n.a.,n.a.,n.a.,n.a.,n.a.,n.a.,n.a.,n.a.,n.a.,n.a.,n.a.,n.a.,n.a.,n.a.,n.a.,n.a.,n.a.,n.a.,5.60,100.30,824.50,3731.80,5273.40,176.70,18.70,14.00,8.68,9.88,7.12
World Economic Outlook,Annual percent change,W193PCPI%,AUSTRALIA,Inflation,-15.97,5.97,6.04,9.24,15.30,15.18,13.35,12.32,7.95,6.36,8.97,9.47,10.45,8.60,5.87,6.96,9.71,8.50,4.59,7.55,6.81,3.87,2.51,2.03,2.04,2.68,2.72,1.67,1.58,1.50,1.61
World Economic Outlook,Annual percent change,W122PCPI%,AUSTRIA,Inflation,4.36,4.70,6.30,7.60,9.50,8.40,7.30,5.50,3.60,3.71,6.33,6.81,5.44,3.34,5.66,3.19,1.74,1.41,1.91,0.81,3.26,3.34,4.02,3.63,2.96,2.24,1.86,1.30,0.90,1.00,1.30
World Economic Outlook,Annual percent change,W912PCPI%,AZERBAIJAN,Inflation,n.a.,n.a.,n.a.,n.a.,n.a.,n.a.,n.a.,n.a.,n.a.,n.a.,n.a.,n.a.,n.a.,n.a.,n.a.,n.a.,n.a.,n.a.,n.a.,n.a.,7.80,105.60,912.57,1129.70,1664.40,411.70,19.80,3.69,-0.80,-6.39,3.00
World Economic Outlook,Annual percent change,W313PCPI%,BAHAMAS,Inflation,6.15,4.61,6.77,5.48,13.30,10.21,4.23,3.09,6.12,9.01,12.23,11.05,6.10,4.00,3.97,4.62,5.41,5.99,4.05,5.41,4.56,7.10,5.71,2.75,1.30,2.10,1.40,1.20,1.76,n.a.,n.a.
World Economic Outlook,Annual percent change,W419PCPI%,BAHRAIN,Inflation,1.65,5.84,5.06,14.29,24.40,16.16,22.64,17.70,14.97,2.23,3.83,11.40,8.71,3.22,0.00,-2.40,-2.46,-1.68,0.17,1.19,1.35,1.04,0.00,2.06,0.40,3.12,-0.20,1.00,0.11,n.a.,n.a.
World Economic Outlook,Annual percent change,W513PCPI%,BANGLADESH,Inflation,3.54,-0.59,45.29,45.01,54.65,16.62,-2.43,9.34,17.37,13.59,15.31,14.52,12.86,9.63,10.40,10.48,10.08,10.91,9.64,8.70,6.02,6.32,3.48,3.12,6.34,7.67,4.53,4.84,7.93,8.12,7.24
World Economic Outlook,Annual percent change,W316PCPI%,BARBADOS,Inflation,7.79,12.43,6.98,16.86,38.92,20.33,4.96,8.29,9.50,13.57,18.50,14.59,10.29,5.28,4.65,4.86,0.20,3.57,4.72,6.33,3.04,6.30,6.00,1.18,-0.10,2.39,2.38,7.68,-1.20,n.a.,n.a.
World Economic Outlook,Annual percent change,W913PCPI%,BELARUS,Inflation,n.a.,n.a.,n.a.,n.a.,n.a.,n.a.,n.a.,n.a.,n.a.,n.a.,n.a.,n.a.,n.a.,n.a.,n.a.,n.a.,n.a.,n.a.,n.a.,n.a.,9.37,83.51,969.02,1187.98,2200.00,709.00,53.00,64.00,73.20,213.20,30.00
World Economic Outlook,Annual percent change,W124PCPI%,BELGIUM,Inflation,3.91,4.34,5.45,6.96,12.68,12.77,9.16,7.11,4.47,4.47,6.66,7.63,8.72,7.66,6.35,4.87,1.30,1.55,1.17,3.10,3.46,3.21,2.43,2.75,2.39,1.45,2.06,1.63,1.00,1.10,1.40
World Economic Outlook,Annual percent change,W339PCPI%,BELIZE,Inflation,21.41,18.63,20.73,66.96,20.78,20.77,-2.90,12.15,4.87,-11.82,7.05,11.02,6.84,5.39,3.85,3.28,0.83,1.99,3.16,2.15,3.00,3.20,2.40,1.40,2.50,2.91,6.30,1.00,0.00,n.a.,n.a.
World Economic Outlook,Annual percent change,W638PCPI%,BENIN,Inflation,6.32,2.77,3.90,6.87,14.42,-34.41,8.26,9.86,6.84,10.27,10.90,0.80,4.06,-6.07,10.27,1.15,0.41,-1.34,3.44,-0.20,1.11,2.10,5.90,0.50,38.60,14.90,4.70,3.80,5.76,n.a.,n.a.
World Economic Outlook,Annual percent change,W514PCPI%,BHUTAN,Inflation,5.65,4.47,6.02,12.96,17.11,0.00,0.00,0.00,-15.87,6.02,12.50,6.26,11.00,18.06,8.06,2.92,9.90,7.91,9.62,8.50,9.42,13.26,15.96,8.94,8.09,10.73,7.05,6.98,7.00,n.a.,n.a.
World Economic Outlook,Annual percent change,W218PCPI%,BOLIVIA,Inflation,3.84,3.70,6.51,31.49,62.83,7.98,4.50,8.10,10.36,19.93,47.06,32.13,123.54,275.59,1281.35,11749.63,276.34,14.58,16.00,15.20,17.10,21.40,12.10,8.53,7.88,10.20,12.44,4.71,6.50,n.a.,n.a.
World Economic Outlook,Annual percent change,W616PCPI%,BOTSWANA,Inflation,4.06,5.62,6.50,9.57,11.52,13.51,11.73,13.17,9.00,11.56,12.50,29.51,11.01,10.53,8.49,8.12,28.79,9.80,8.35,11.58,11.40,11.76,16.15,14.35,10.54,10.51,10.07,8.81,6.53,n.a.,n.a.
World Economic Outlook,Annual percent change,W223PCPI%,BRAZIL,Inflation,22.26,20.14,16.52,12.65,27.59,28.92,42.01,43.65,38.70,53.92,99.58,109.90,95.40,154.50,220.60,225.50,142.20,224.81,684.54,1319.95,2739.99,413.30,991.40,2103.30,2123.65,59.65,11.09,7.91,3.49,n.a.,n.a.
World Economic Outlook,Annual percent change,W918PCPI%,BULGARIA,Inflation,0.00,0.00,0.00,0.00,0.00,0.00,0.00,0.00,0.00,0.00,0.00,0.00,2.80,2.80,2.80,2.80,2.70,2.70,2.50,6.40,23.90,333.50,82.00,72.80,96.00,62.10,123.00,1082.20,22.30,1.10,5.30
World Economic Outlook,Annual percent change,W748PCPI%,BURKINA FASO,Inflation,1.76,2.10,-2.97,7.61,8.70,18.78,-8.40,30.01,7.96,15.21,12.05,7.56,12.06,8.35,4.85,6.91,-2.61,-2.68,4.26,-0.48,-0.50,2.16,-1.99,0.97,24.73,7.77,6.08,2.32,2.50,n.a.,n.a.
World Economic Outlook,Annual percent change,W618PCPI%,BURUNDI,Inflation,-0.30,3.80,3.85,5.94,15.76,15.81,6.79,6.85,23.43,25.34,1.20,12.17,5.87,8.15,14.32,3.80,1.68,7.11,4.49,11.66,7.00,9.00,4.50,9.73,14.71,19.40,26.41,31.10,16.96,n.a.,n.a.
World Economic Outlook,Annual percent change,W522PCPI%,CAMBODIA,Inflation,n.a.,n.a.,n.a.,n.a.,n.a.,n.a.,n.a.,n.a.,n.a.,n.a.,n.a.,n.a.,n.a.,n.a.,n.a.,n.a.,n.a.,n.a.,0.00,63.80,141.80,197.00,75.00,114.50,-0.50,7.70,7.20,8.00,14.80,n.a.,n.a.
World Economic Outlook,Annual percent change,W622PCPI%,CAMEROON,Inflation,5.84,4.02,8.09,10.39,17.23,13.55,9.93,14.70,14.76,8.96,7.70,7.53,15.33,20.51,12.10,4.20,4.30,2.80,1.70,1.60,1.50,-0.60,1.89,-3.72,12.66,25.80,6.61,5.15,2.83,2.00,2.00
World Economic Outlook,Annual percent change,W156PCPI%,CANADA,Inflation,3.33,2.85,4.81,7.61,10.92,10.74,7.55,8.01,8.95,9.13,10.17,12.46,10.68,5.86,4.34,3.95,4.15,4.39,4.02,5.01,4.77,5.60,1.51,1.83,0.17,2.19,1.58,1.42,1.03,1.16,1.59
World Economic Outlook,Annual percent change,W624PCPI%,CAPE VERDE,Inflation,4.39,5.60,5.47,10.06,1.43,40.84,8.20,11.18,13.30,6.88,15.08,20.59,21.10,20.26,14.07,9.41,8.02,7.59,4.99,5.34,10.65,8.04,6.96,5.92,4.33,7.67,4.78,3.00,3.00,n.a.,n.a.
World Economic Outlook,Annual percent change,W626PCPI%,CENTRAL AFRICAN REP.,Inflation,13.30,13.30,13.30,13.30,13.30,13.30,13.30,13.30,13.30,13.30,13.30,14.66,13.24,14.56,2.60,10.46,2.41,-6.99,-3.93,0.65,-0.20,-2.85,-0.76,-2.91,24.55,19.20,4.42,0.58,1.76,n.a.,n.a.
World Economic Outlook,Annual percent change,W628PCPI%,CHAD,Inflation,8.53,6.23,2.93,5.43,11.28,15.66,3.29,8.41,9.90,8.19,8.66,8.10,6.43,7.87,20.30,5.07,-13.05,-2.73,14.90,-4.90,0.50,4.20,-3.80,-7.00,41.30,9.50,11.30,5.56,4.50,n.a.,n.a.
World Economic Outlook,Annual percent change,W228PCPI%,CHILE,Inflation,21.23,13.56,57.31,295.42,483.72,372.05,211.49,91.90,40.10,33.39,35.14,19.69,9.94,27.26,19.86,30.70,19.48,19.88,14.68,17.03,26.04,21.78,15.43,12.73,11.44,8.23,7.36,6.13,5.10,4.50,4.15
World Economic Outlook,Annual percent change,W924PCPI%,CHINA,Inflation,1.06,1.05,1.04,1.03,0.92,1.11,0.34,2.49,0.68,1.93,5.99,2.38,1.93,1.50,2.83,8.81,5.97,7.20,18.70,18.30,3.10,3.57,6.40,14.70,24.30,16.70,8.40,2.80,-0.80,0.50,2.00
World Economic Outlook,Annual percent change,W532PCPI%,"CHINA,P.R.:HONG KONG",Inflation,7.11,3.50,6.08,18.15,14.55,2.69,3.82,5.59,5.84,11.70,15.07,13.80,10.63,9.85,8.28,2.62,3.02,5.44,7.54,9.96,9.73,11.62,9.45,8.51,8.07,8.64,5.99,5.73,2.60,-2.20,0.00
World Economic Outlook,Annual percent change,W233PCPI%,COLOMBIA,Inflation,6.83,9.03,13.44,20.75,24.27,22.92,20.23,33.05,18.76,28.80,25.93,27.40,24.50,19.76,16.14,24.04,18.88,23.30,28.09,25.90,29.14,30.35,27.07,22.45,22.82,20.91,20.78,18.50,18.70,13.00,12.70
World Economic Outlook,Annual percent change,W632PCPI%,COMOROS,Inflation,4.32,5.65,5.53,9.97,18.43,29.70,9.60,9.40,9.09,10.70,13.33,6.50,15.21,9.21,6.05,8.37,-11.28,3.30,0.29,4.44,-7.39,1.70,-1.40,2.00,25.30,7.10,1.40,1.00,1.00,n.a.,n.a.
World Economic Outlook,Annual percent change,W636PCPI%,"CONGO, DEM. REP. OF",Inflation,7.97,5.78,15.80,15.67,27.42,29.00,80.70,69.01,48.46,101.30,46.71,34.88,37.07,76.73,52.63,23.46,46.73,90.37,82.75,104.06,81.30,2154.44,4129.17,1893.09,23760.49,541.80,616.76,198.53,25.00,n.a.,n.a.
World Economic Outlook,Annual percent change,W634PCPI%,"CONGO, REPUBLIC OF",Inflation,1.40,4.13,9.91,3.21,5.63,17.28,7.21,14.47,10.09,8.12,7.30,8.14,20.21,7.80,12.65,6.11,2.47,-1.00,4.43,4.02,2.60,-1.63,-3.92,4.90,42.94,8.62,10.20,8.27,4.76,n.a.,n.a.
World Economic Outlook,Annual percent change,W238PCPI%,COSTA RICA,Inflation,4.65,3.08,4.60,15.21,30.07,17.37,-14.74,17.37,3.49,4.17,6.03,37.06,90.12,32.62,11.95,15.05,11.84,16.85,20.83,16.51,19.04,28.71,21.79,9.78,13.53,23.19,17.51,13.25,11.60,n.a.,n.a.
World Economic Outlook,Annual percent change,W662PCPI%,COTE D IVOIRE,Inflation,9.41,-1.53,0.34,11.06,17.37,11.44,12.07,27.39,13.03,29.37,8.81,8.68,7.39,5.88,4.28,1.75,6.84,6.98,6.93,0.99,-0.66,1.57,4.22,2.13,25.96,14.30,2.70,5.60,4.50,2.50,2.50
World Economic Outlook,Annual percent change,W960PCPI%,CROATIA,Inflation,n.a.,n.a.,n.a.,n.a.,n.a.,n.a.,n.a.,n.a.,n.a.,n.a.,n.a.,n.a.,n.a.,n.a.,n.a.,n.a.,n.a.,n.a.,n.a.,n.a.,n.a.,n.a.,665.50,1517.50,97.60,2.00,3.50,3.60,5.70,n.a.,n.a.
World Economic Outlook,Annual percent change,W423PCPI%,CYPRUS,Inflation,2.45,4.14,4.85,7.83,16.40,4.38,3.85,7.32,7.34,9.58,13.51,10.80,6.41,5.09,5.97,5.03,1.16,2.80,3.40,3.80,4.50,5.00,6.50,4.85,4.70,2.60,3.00,3.60,3.25,n.a.,n.a.
World Economic Outlook,Annual percent change,W935PCPI%,CZECH REPUBLIC,Inflation,n.a.,n.a.,n.a.,n.a.,n.a.,n.a.,n.a.,n.a.,n.a.,n.a.,n.a.,n.a.,n.a.,n.a.,n.a.,n.a.,n.a.,n.a.,n.a.,n.a.,n.a.,n.a.,11.12,20.76,10.00,9.09,8.80,8.40,10.70,n.a.,n.a.
World Economic Outlook,Annual percent change,W934PCPI%,CZECHOSLOVAKIA,Inflation,0.00,0.00,0.00,0.00,0.00,0.00,0.00,0.00,1.69,3.91,2.91,0.82,5.07,0.95,0.94,2.28,0.50,0.08,0.16,1.40,10.80,59.00,11.00,n.a.,n.a.,n.a.,n.a.,n.a.,n.a.,n.a.,n.a.
World Economic Outlook,Annual percent change,W128PCPI%,DENMARK,Inflation,6.47,5.88,6.52,9.52,15.11,9.53,9.03,11.14,10.02,9.63,12.34,11.68,10.15,6.92,6.28,4.74,3.62,4.01,4.58,4.80,2.60,2.40,2.10,1.24,2.02,2.07,2.11,2.20,1.74,1.90,2.07
World Economic Outlook,Annual percent change,W611PCPI%,DJIBOUTI,Inflation,4.25,5.68,5.63,5.57,17.20,9.39,19.68,30.94,14.16,10.60,11.72,5.72,-2.30,0.82,1.73,3.40,16.44,4.15,6.38,3.00,7.80,6.80,3.40,4.40,6.50,4.90,4.21,2.62,2.01,n.a.,n.a.
World Economic Outlook,Annual percent change,W321PCPI%,DOMINICA,Inflation,12.39,3.64,3.69,12.10,36.31,18.27,10.94,9.48,7.81,18.00,32.72,13.25,4.42,4.23,2.13,2.09,3.02,4.82,2.25,7.67,3.14,5.56,5.26,1.57,-0.01,1.29,1.70,2.41,0.90,n.a.,n.a.
World Economic Outlook,Annual percent change,W243PCPI%,DOMINICAN REPUBLIC,Inflation,3.80,4.34,7.85,15.07,13.17,14.46,7.81,12.84,3.60,9.00,16.80,7.50,7.60,5.60,38.72,45.34,7.64,13.55,43.86,40.66,50.46,47.08,4.26,5.25,8.26,12.54,5.40,8.30,4.83,6.50,3.07
World Economic Outlook,Annual percent change,W248PCPI%,ECUADOR,Inflation,5.13,8.38,7.88,13.01,12.97,23.33,15.47,10.66,13.16,11.63,10.23,14.68,16.34,48.39,31.20,28.01,23.02,29.50,58.20,75.70,48.40,48.80,54.60,45.00,27.29,22.70,24.40,30.60,36.10,73.80,60.50
World Economic Outlook,Annual percent change,W469PCPI%,EGYPT,Inflation,3.82,3.14,2.09,4.26,10.87,9.73,10.28,11.60,11.29,9.97,20.47,10.42,14.86,15.98,17.06,12.11,23.90,25.20,14.20,20.20,21.20,19.53,21.10,11.20,9.00,9.40,7.00,6.20,3.80,4.00,4.00
World Economic Outlook,Annual percent change,W253PCPI%,EL SALVADOR,Inflation,2.80,0.44,1.57,6.36,16.90,19.16,7.02,11.82,13.20,12.10,17.38,14.70,11.68,13.11,11.66,22.31,31.88,25.29,19.88,17.60,24.00,14.40,11.20,18.50,10.59,10.10,9.80,4.59,2.50,n.a.,n.a.
World Economic Outlook,Annual percent change,W642PCPI%,EQUATORIAL GUINEA,Inflation,1.68,5.63,6.90,10.26,17.95,12.74,15.40,12.05,9.44,12.16,0.00,16.70,38.26,60.06,59.52,63.68,-15.74,-8.98,-3.39,7.22,0.69,0.90,1.00,1.60,38.90,11.40,6.00,3.00,3.00,n.a.,n.a.
World Economic Outlook,Annual percent change,W643PCPI%,ERITREA,Inflation,n.a.,n.a.,n.a.,n.a.,n.a.,n.a.,n.a.,n.a.,n.a.,n.a.,n.a.,n.a.,n.a.,n.a.,n.a.,n.a.,n.a.,n.a.,n.a.,n.a.,n.a.,n.a.,n.a.,4.57,11.62,10.70,9.33,1.34,8.28,n.a.,n.a.
World Economic Outlook,Annual percent change,W939PCPI%,ESTONIA,Inflation,n.a.,n.a.,n.a.,n.a.,n.a.,n.a.,n.a.,n.a.,n.a.,n.a.,n.a.,n.a.,n.a.,n.a.,n.a.,n.a.,n.a.,n.a.,n.a.,n.a.,17.20,210.60,1069.02,89.00,47.70,28.87,23.10,11.20,8.20,3.70,3.20
World Economic Outlook,Annual percent change,W644PCPI%,ETHIOPIA,Inflation,10.12,0.54,-6.08,8.91,8.59,6.74,28.77,16.87,18.78,13.18,12.44,1.94,7.77,3.57,-0.33,18.40,5.55,-9.15,2.21,9.63,5.21,20.87,21.02,9.99,1.17,13.35,0.92,-6.42,2.47,n.a.,n.a.
World Economic Outlook,Annual percent change,W819PCPI%,FIJI,Inflation,4.24,6.47,9.11,11.22,14.52,13.08,11.40,7.53,6.01,7.24,14.46,11.20,7.01,6.81,5.27,4.41,1.79,5.70,11.90,5.70,11.90,6.10,8.20,6.50,4.90,5.20,0.62,0.00,2.17,n.a.,n.a.
World Economic Outlook,Annual percent change,W172PCPI%,FINLAND,Inflation,2.73,6.48,7.11,10.99,16.67,17.81,14.34,12.69,7.80,7.47,11.60,12.00,9.30,8.40,7.00,5.82,2.90,4.08,5.14,6.57,6.08,4.16,2.87,2.20,1.08,1.00,0.60,1.20,1.50,1.50,2.00
World Economic Outlook,Annual percent change,W132PCPI%,FRANCE,Inflation,5.93,5.50,6.16,7.32,13.73,11.78,9.62,9.37,9.06,10.76,13.06,13.33,11.98,9.46,7.67,5.83,2.54,3.29,2.70,3.50,3.38,3.22,2.37,2.11,1.66,1.78,2.01,1.20,0.70,0.52,1.11
World Economic Outlook,Annual percent change,W646PCPI%,GABON,Inflation,3.80,3.89,3.45,6.24,12.01,28.35,20.17,13.85,10.74,8.11,12.32,8.60,16.70,10.40,5.90,7.30,6.40,-1.00,-9.80,6.90,5.70,3.30,-10.80,0.56,36.13,10.00,4.50,2.50,2.00,n.a.,n.a.
World Economic Outlook,Annual percent change,W648PCPI%,"GAMBIA, THE",Inflation,-1.98,3.07,8.68,6.89,9.23,25.90,17.08,12.42,10.19,7.54,5.02,7.92,8.23,9.31,15.60,21.76,35.01,46.22,12.37,10.81,10.20,9.09,12.02,5.94,3.96,4.03,4.75,2.11,3.77,n.a.,n.a.
World Economic Outlook,Annual percent change,W915PCPI%,GEORGIA,Inflation,n.a.,n.a.,n.a.,n.a.,n.a.,n.a.,n.a.,n.a.,n.a.,n.a.,n.a.,n.a.,n.a.,n.a.,n.a.,n.a.,n.a.,n.a.,n.a.,n.a.,3.30,78.50,887.40,3125.40,15606.50,162.70,39.40,7.10,3.60,19.50,5.00
World Economic Outlook,Annual percent change,W134PCPI%,GERMANY,Inflation,3.44,5.24,5.50,7.02,6.95,5.94,4.28,3.68,2.71,4.08,5.45,6.32,5.26,3.28,2.40,2.08,-0.13,0.24,1.27,2.78,2.69,3.47,5.06,4.45,2.75,1.84,1.48,1.76,0.90,0.57,1.05
World Economic Outlook,Annual percent change,W652PCPI%,GHANA,Inflation,3.03,8.82,10.81,17.07,18.75,29.82,55.41,116.52,73.09,54.52,50.15,117.86,21.31,122.97,40.00,9.96,24.80,39.75,31.38,25.26,37.17,18.00,10.08,24.94,24.89,59.46,45.61,28.77,17.70,7.10,6.50
World Economic Outlook,Annual percent change,W174PCPI%,GREECE,Inflation,3.91,4.34,5.45,6.95,12.68,12.77,9.20,7.07,4.47,4.47,6.65,7.60,8.74,7.69,6.35,19.33,23.00,16.40,13.50,13.70,20.40,19.50,15.89,14.40,10.88,8.90,8.21,5.50,4.82,2.49,2.90
World Economic Outlook,Annual percent change,W328PCPI%,GRENADA,Inflation,18.46,18.46,18.46,18.46,18.46,18.46,18.46,18.46,17.90,21.69,21.03,18.85,7.81,6.09,5.70,1.90,0.50,-0.90,4.00,5.60,2.80,2.60,3.80,2.80,2.60,2.20,2.80,1.10,2.50,n.a.,n.a.
World Economic Outlook,Annual percent change,W258PCPI%,GUATEMALA,Inflation,2.37,-0.48,0.55,13.80,16.49,13.18,10.72,12.32,7.95,11.52,10.67,11.40,4.90,6.40,3.50,18.60,36.90,-9.75,9.80,12.82,41.64,35.11,10.22,13.37,12.47,8.40,11.05,9.23,7.50,6.50,5.00
World Economic Outlook,Annual percent change,W656PCPI%,GUINEA,Inflation,4.33,5.62,5.58,9.96,4.15,4.82,6.20,4.61,6.66,11.22,39.98,35.00,29.91,30.26,26.01,19.04,64.70,36.89,27.29,28.26,19.40,19.60,16.60,6.70,4.50,5.60,2.90,1.90,5.10,n.a.,n.a.
World Economic Outlook,Annual percent change,W654PCPI%,GUINEA-BISSAU,Inflation,4.40,5.62,5.49,0.79,30.67,19.76,1.60,2.95,-4.40,26.00,64.76,41.94,16.54,23.31,64.86,112.71,26.55,119.58,60.31,80.79,33.00,57.60,69.44,48.23,15.18,45.37,50.73,49.10,3.14,n.a.,n.a.
World Economic Outlook,Annual percent change,W336PCPI%,GUYANA,Inflation,3.37,1.00,4.95,7.55,17.54,7.84,9.00,8.25,15.07,17.88,14.09,22.23,20.61,15.29,25.14,15.03,7.90,28.70,39.90,89.70,63.60,101.50,28.20,12.00,12.40,12.22,7.09,3.56,4.60,n.a.,n.a.
World Economic Outlook,Annual percent change,W263PCPI%,HAITI,Inflation,1.35,9.54,3.24,22.71,14.95,16.77,7.04,6.49,-2.89,9.68,18.01,8.10,8.51,8.78,8.07,8.46,8.51,-5.02,2.86,10.95,20.38,19.02,21.26,18.83,37.43,30.24,21.90,16.20,10.00,n.a.,n.a.
World Economic Outlook,Annual percent change,W268PCPI%,HONDURAS,Inflation,2.88,2.22,3.61,5.19,12.85,8.38,4.70,8.50,5.90,12.04,18.15,9.36,8.94,8.32,4.65,3.41,3.90,2.79,6.55,9.77,23.30,34.01,8.80,10.71,21.74,29.45,23.83,20.20,13.00,n.a.,n.a.
World Economic Outlook,Annual percent change,W944PCPI%,HUNGARY,Inflation,4.25,5.73,-3.71,3.39,1.80,3.84,5.00,3.90,4.47,9.04,9.05,5.00,6.67,6.40,8.70,7.00,5.30,8.60,15.71,16.89,28.57,34.79,22.84,22.42,18.83,28.30,23.47,18.31,14.20,9.40,7.50
World Economic Outlook,Annual percent change,W176PCPI%,ICELAND,Inflation,13.12,6.38,10.40,22.16,43.03,48.96,32.17,30.45,44.07,45.78,58.55,50.87,51.02,84.28,29.17,32.38,21.27,18.77,25.46,21.08,14.84,6.80,3.76,4.11,1.49,1.65,2.25,1.81,1.66,3.50,3.20
World Economic Outlook,Annual percent change,W534PCPI%,INDIA,Inflation,5.08,3.23,5.21,17.82,27.73,5.59,-7.79,8.44,2.55,6.28,11.48,12.50,8.41,11.87,8.32,5.56,8.73,8.80,9.38,6.16,8.97,13.87,11.79,6.36,10.21,10.22,8.98,7.16,13.00,7.46,7.91
World Economic Outlook,Annual percent change,W536PCPI%,INDONESIA,Inflation,12.29,4.44,6.37,31.05,40.60,19.07,19.84,11.10,8.13,21.97,18.48,12.20,9.54,11.80,10.41,4.75,5.85,9.27,8.11,6.40,7.84,9.38,7.52,9.67,8.53,9.43,7.94,6.60,60.69,28.20,9.96
World Economic Outlook,Annual percent change,W429PCPI%,IRAN,Inflation,1.62,4.20,6.53,9.78,14.25,14.95,11.39,27.08,11.77,10.53,20.63,24.20,18.68,19.74,12.58,4.38,23.72,27.71,28.90,17.40,8.99,20.71,24.39,22.85,35.16,49.40,23.10,17.30,22.00,15.00,10.00
World Economic Outlook,Annual percent change,W178PCPI%,IRELAND,Inflation,8.24,8.96,8.61,11.41,16.98,20.88,17.98,13.64,7.52,13.28,18.35,20.24,17.19,10.40,8.64,5.47,3.79,3.15,2.13,4.09,3.33,3.19,3.12,1.44,2.38,2.46,1.57,1.50,2.40,2.00,2.00
World Economic Outlook,Annual percent change,W436PCPI%,ISRAEL,Inflation,6.10,11.97,12.88,19.98,39.71,39.32,31.41,34.60,50.93,78.19,130.95,116.80,120.39,145.60,373.83,304.61,48.18,19.90,16.26,20.23,17.18,19.04,11.89,10.89,12.30,10.00,11.30,9.00,5.50,8.29,3.04
World Economic Outlook,Annual percent change,W136PCPI%,ITALY,Inflation,4.99,4.93,5.72,10.83,19.10,17.05,16.68,18.49,12.04,14.78,21.28,19.49,16.46,14.64,10.88,9.05,5.88,4.75,5.06,6.26,6.46,6.28,5.27,4.63,4.05,5.24,3.92,1.74,1.75,1.33,1.50
World Economic Outlook,Annual percent change,W343PCPI%,JAMAICA,Inflation,7.73,5.34,5.43,17.68,27.16,17.38,9.79,11.19,34.94,28.71,17.98,9.17,6.83,16.66,31.25,29.70,24.40,11.20,8.20,16.10,24.80,68.60,57.50,24.31,33.20,21.70,21.50,8.80,7.30,n.a.,n.a.
World Economic Outlook,Annual percent change,W158PCPI%,JAPAN,Inflation,7.61,6.39,4.81,11.70,23.15,11.74,9.37,8.18,4.17,3.73,7.82,4.90,2.75,1.87,2.26,2.04,0.61,0.12,0.67,2.26,3.09,3.25,1.74,1.20,0.74,-0.07,0.12,1.71,0.63,-0.20,-0.18
World Economic Outlook,Annual percent change,W439PCPI%,JORDAN,Inflation,5.90,4.82,7.66,11.13,19.43,11.98,11.50,14.57,6.92,14.34,10.99,7.66,7.50,5.11,3.80,2.90,0.00,0.00,6.66,25.70,16.10,8.21,3.95,3.30,3.48,2.43,6.48,3.00,5.00,3.49,2.99
World Economic Outlook,Annual percent change,W916PCPI%,KAZAKHSTAN,Inflation,n.a.,n.a.,n.a.,n.a.,n.a.,n.a.,n.a.,n.a.,n.a.,n.a.,n.a.,n.a.,n.a.,n.a.,n.a.,n.a.,n.a.,n.a.,n.a.,n.a.,5.60,91.00,1515.71,1662.27,1879.90,176.30,39.10,17.44,7.30,2.60,5.00
World Economic Outlook,Annual percent change,W664PCPI%,KENYA,Inflation,2.07,3.71,6.08,9.35,17.72,19.19,11.49,15.01,17.06,8.08,13.87,7.89,13.82,11.60,20.67,11.40,10.28,13.01,4.80,7.62,11.20,19.60,27.30,45.91,28.84,1.51,9.04,11.19,6.60,6.00,5.00
World Economic Outlook,Annual percent change,W826PCPI%,KIRIBATI,Inflation,7.53,7.53,7.53,7.53,7.53,7.53,7.53,7.53,7.53,7.53,16.10,7.70,5.49,6.31,5.44,4.49,6.61,6.50,3.11,5.32,3.80,5.71,3.98,6.11,5.22,3.62,-0.58,4.01,2.97,n.a.,n.a.
World Economic Outlook,Annual percent change,W542PCPI%,KOREA,Inflation,16.08,13.58,11.63,3.23,24.28,25.24,15.28,10.20,14.37,18.45,28.73,21.41,7.06,3.42,2.29,2.43,2.76,3.07,7.14,5.68,8.56,9.34,6.23,4.79,6.28,4.47,4.92,4.44,7.49,1.80,2.00
World Economic Outlook,Annual percent change,W443PCPI%,KUWAIT,Inflation,8.27,8.27,8.27,9.16,14.58,6.04,4.36,8.36,7.18,7.10,6.91,7.34,8.14,4.29,1.30,1.43,0.98,0.70,1.46,3.35,9.84,9.06,-0.55,0.38,2.49,2.72,3.60,0.70,0.50,0.90,1.70
World Economic Outlook,Annual percent change,W917PCPI%,KYRGYZ REPUBLIC,Inflation,n.a.,n.a.,n.a.,n.a.,n.a.,n.a.,n.a.,n.a.,n.a.,n.a.,n.a.,n.a.,n.a.,n.a.,n.a.,n.a.,n.a.,n.a.,n.a.,n.a.,4.20,85.00,854.60,772.40,228.70,52.50,30.40,25.50,12.00,9.50,6.40
World Economic Outlook,Annual percent change,W544PCPI%,LAO PEOPLE'S DEM.REP,Inflation,0.32,1.29,25.16,30.79,50.00,29.70,10.90,89.99,10.01,2.70,188.82,33.70,70.38,62.51,27.17,114.70,35.00,6.11,14.80,59.70,35.70,13.40,9.80,6.30,6.76,19.40,13.00,19.30,81.02,n.a.,n.a.
World Economic Outlook,Annual percent change,W941PCPI%,LATVIA,Inflation,n.a.,n.a.,n.a.,n.a.,n.a.,n.a.,n.a.,n.a.,n.a.,n.a.,n.a.,n.a.,n.a.,n.a.,n.a.,n.a.,n.a.,n.a.,n.a.,n.a.,10.51,124.40,951.31,109.10,35.80,25.10,17.60,8.40,4.70,3.00,3.00
World Economic Outlook,Annual percent change,W446PCPI%,LEBANON,Inflation,0.00,1.56,4.92,6.00,12.29,20.05,28.83,19.00,10.10,23.70,23.90,19.30,18.60,7.20,17.60,69.40,95.40,487.20,155.00,72.20,88.91,50.10,99.84,24.68,7.97,10.60,8.90,8.48,8.00,n.a.,n.a.
World Economic Outlook,Annual percent change,W666PCPI%,LESOTHO,Inflation,13.40,13.40,13.40,13.40,13.40,14.21,11.40,16.70,12.42,19.92,13.15,12.49,19.23,9.89,12.33,19.10,12.97,8.82,19.39,14.90,11.47,17.85,17.03,13.84,7.23,9.94,9.07,8.50,7.29,n.a.,n.a.
World Economic Outlook,Annual percent change,W668PCPI%,LIBERIA,Inflation,1.52,-0.71,3.89,19.54,19.03,14.00,5.63,6.21,7.28,11.61,14.59,7.67,5.91,2.79,1.21,-0.60,3.60,5.02,9.65,25.31,n.a.,n.a.,n.a.,n.a.,n.a.,n.a.,n.a.,n.a.,n.a.,n.a.,n.a.
World Economic Outlook,Annual percent change,W672PCPI%,LIBYA,Inflation,-5.22,-3.11,-0.26,8.01,7.42,9.17,5.44,6.29,12.08,23.07,11.11,11.00,11.71,10.48,12.41,9.09,3.27,4.40,3.10,1.30,8.60,11.70,18.00,23.00,17.00,10.00,7.00,6.00,5.00,n.a.,n.a.
World Economic Outlook,Annual percent change,W946PCPI%,LITHUANIA,Inflation,n.a.,n.a.,n.a.,n.a.,n.a.,n.a.,n.a.,n.a.,n.a.,n.a.,n.a.,n.a.,n.a.,n.a.,n.a.,n.a.,n.a.,n.a.,n.a.,n.a.,7.76,224.70,1021.00,410.44,72.07,39.46,24.68,8.85,5.10,2.40,4.30
World Economic Outlook,Annual percent change,W137PCPI%,LUXEMBOURG,Inflation,3.91,4.35,5.45,6.96,12.68,12.77,9.17,7.11,3.09,4.55,6.30,8.07,9.36,8.67,5.64,4.09,0.29,-0.13,1.52,3.37,3.70,3.12,3.15,3.59,2.19,1.92,1.37,1.37,1.60,1.70,1.70
World Economic Outlook,Annual percent change,W962PCPI%,MACEDONIA,Inflation,n.a.,n.a.,n.a.,n.a.,n.a.,n.a.,n.a.,n.a.,n.a.,n.a.,n.a.,n.a.,n.a.,n.a.,n.a.,n.a.,n.a.,n.a.,n.a.,n.a.,n.a.,n.a.,1692.60,338.64,126.42,16.25,2.07,1.54,0.60,n.a.,n.a.
World Economic Outlook,Annual percent change,W674PCPI%,MADAGASCAR,Inflation,2.82,5.49,5.62,6.11,22.00,8.22,4.99,3.08,6.56,13.98,18.28,30.46,31.91,19.47,9.72,10.57,14.49,15.46,26.34,9.01,11.79,8.54,15.29,9.24,39.07,49.04,19.77,4.53,6.20,n.a.,n.a.
World Economic Outlook,Annual percent change,W676PCPI%,MALAWI,Inflation,9.53,8.20,3.60,5.08,15.51,15.54,4.34,4.07,10.75,13.07,19.19,12.00,9.52,13.77,19.75,10.64,14.18,25.05,33.84,12.45,11.86,8.23,23.24,22.78,34.66,83.15,37.73,9.14,27.38,n.a.,n.a.
World Economic Outlook,Annual percent change,W548PCPI%,MALAYSIA,Inflation,1.91,1.58,3.21,10.55,17.38,4.50,2.57,4.81,4.99,3.54,6.72,9.70,5.83,3.70,3.90,2.59,0.35,0.74,0.29,2.56,2.81,2.62,4.72,3.54,3.73,3.40,3.53,2.66,5.27,3.64,5.00
World Economic Outlook,Annual percent change,W556PCPI%,MALDIVES,Inflation,4.32,5.62,5.49,10.03,18.34,0.00,31.40,-0.76,13.88,20.00,27.88,11.10,-0.81,9.89,0.99,-9.16,9.10,11.70,6.48,7.16,3.62,14.73,16.82,20.10,3.40,5.50,6.20,7.20,5.00,n.a.,n.a.
World Economic Outlook,Annual percent change,W678PCPI%,MALI,Inflation,14.32,21.05,7.35,18.72,11.18,5.82,8.00,22.13,30.78,-0.93,20.25,3.90,3.90,6.21,4.04,10.80,-1.39,-14.94,8.95,-0.20,1.63,1.50,-5.91,-0.63,24.78,12.40,6.39,-0.64,4.23,n.a.,n.a.
World Economic Outlook,Annual percent change,W181PCPI%,MALTA,Inflation,3.70,2.32,3.33,7.77,7.28,8.80,0.55,10.05,4.70,7.08,15.79,11.48,5.81,-0.88,-0.43,-0.21,2.04,0.42,0.94,0.90,2.97,2.55,1.80,4.00,4.10,3.96,2.40,3.10,2.50,n.a.,n.a.
World Economic Outlook,Annual percent change,W867PCPI%,MARSHALL ISLANDS,Inflation,n.a.,n.a.,n.a.,n.a.,n.a.,n.a.,n.a.,n.a.,n.a.,n.a.,n.a.,n.a.,n.a.,n.a.,n.a.,n.a.,4.20,-0.60,2.60,2.20,0.70,4.00,10.30,5.00,5.63,8.26,9.60,4.83,4.00,n.a.,n.a.
World Economic Outlook,Annual percent change,W682PCPI%,MAURITANIA,Inflation,10.31,7.19,4.97,18.55,14.62,16.58,6.58,5.78,2.42,12.43,5.91,6.90,9.76,6.08,13.51,10.32,7.80,8.20,6.30,9.00,6.40,4.06,10.15,9.35,4.10,5.99,5.22,4.55,8.02,n.a.,n.a.
World Economic Outlook,Annual percent change,W684PCPI%,MAURITIUS,Inflation,1.63,0.25,5.38,13.49,29.11,14.76,12.95,9.63,10.03,7.95,33.04,26.45,13.38,7.45,5.53,8.32,4.34,0.72,1.50,15.95,10.71,12.81,2.88,8.92,9.36,6.05,5.79,7.89,5.30,n.a.,n.a.
World Economic Outlook,Annual percent change,W273PCPI%,MEXICO,Inflation,5.21,5.26,5.00,12.04,23.74,15.15,15.79,29.00,17.54,18.13,26.47,28.00,58.87,101.88,65.54,57.75,86.23,131.82,114.16,20.01,26.65,22.70,15.50,9.76,6.97,35.00,34.38,20.62,16.67,16.74,11.17
World Economic Outlook,Annual percent change,W868PCPI%,MICRONESIA,Inflation,n.a.,n.a.,n.a.,n.a.,n.a.,n.a.,n.a.,n.a.,n.a.,n.a.,n.a.,n.a.,n.a.,n.a.,n.a.,n.a.,8.50,-3.10,3.70,4.50,3.50,4.00,5.00,6.00,4.00,4.00,4.00,3.00,3.00,n.a.,n.a.
World Economic Outlook,Annual percent change,W921PCPI%,MOLDOVA,Inflation,n.a.,n.a.,n.a.,n.a.,n.a.,n.a.,n.a.,n.a.,n.a.,n.a.,n.a.,n.a.,n.a.,n.a.,n.a.,n.a.,n.a.,n.a.,n.a.,n.a.,5.60,162.00,1276.00,788.50,329.60,30.20,23.50,11.80,6.90,15.00,2.80
World Economic Outlook,Annual percent change,W948PCPI%,MONGOLIA,Inflation,n.a.,0.00,0.00,0.00,0.00,0.00,0.00,0.00,0.00,0.00,0.00,-0.10,2.50,0.00,0.59,-0.97,0.00,0.00,0.00,0.00,0.00,20.20,202.58,268.38,87.57,56.80,46.70,36.80,9.40,8.60,5.50
World Economic Outlook,Annual percent change,W686PCPI%,MOROCCO,Inflation,1.30,4.09,3.78,4.14,17.53,7.87,8.51,12.60,9.70,8.34,9.46,12.50,10.49,6.28,12.41,7.74,8.69,2.70,2.41,3.14,6.71,8.99,5.74,5.18,5.14,6.12,2.99,1.04,2.70,2.50,2.50
World Economic Outlook,Annual percent change,W688PCPI%,MOZAMBIQUE,Inflation,2.00,2.00,2.00,2.00,2.00,2.00,2.00,2.00,2.00,2.00,2.00,4.20,17.69,28.20,30.04,30.78,40.49,164.11,58.51,42.08,43.72,33.26,45.08,42.25,63.12,54.43,44.61,6.38,0.56,n.a.,n.a.
World Economic Outlook,Annual percent change,W518PCPI%,MYANMAR,Inflation,-4.01,2.09,7.64,25.30,25.18,31.58,22.39,-1.15,-3.96,5.71,-0.10,1.40,5.23,5.91,5.24,6.26,14.74,17.63,23.98,23.82,21.91,29.13,22.29,33.57,22.44,28.92,20.00,10.00,10.00,n.a.,n.a.
World Economic Outlook,Annual percent change,W728PCPI%,NAMIBIA,Inflation,5.59,6.53,9.50,11.60,13.52,11.24,11.13,10.19,13.08,13.78,13.84,14.76,15.54,12.00,9.10,11.94,13.38,12.62,12.53,15.46,12.02,11.90,17.73,8.53,10.76,10.01,8.01,8.78,7.38,n.a.,n.a.
World Economic Outlook,Annual percent change,W558PCPI%,NEPAL,Inflation,15.23,-2.02,8.38,11.43,19.82,7.59,-3.11,9.90,12.71,3.58,10.88,15.47,10.40,-10.90,4.10,15.85,13.27,11.05,6.33,11.53,9.84,21.00,8.91,8.95,7.65,8.09,9.03,7.50,7.00,n.a.,n.a.
World Economic Outlook,Annual percent change,W138PCPI%,NETHERLANDS,Inflation,3.73,7.48,7.79,8.01,9.61,10.21,9.06,6.47,4.08,4.21,6.55,6.80,5.90,2.90,3.40,2.30,0.00,-1.00,0.50,1.10,2.50,3.10,3.20,2.60,2.70,2.00,2.10,2.20,2.00,1.60,2.20
World Economic Outlook,Annual percent change,W353PCPI%,NETHERLANDS ANTILLES,Inflation,3.56,2.10,4.11,8.09,19.41,15.60,5.25,5.45,8.07,11.43,14.60,12.20,6.09,2.84,2.09,0.50,1.25,3.30,2.10,3.80,3.70,3.80,1.50,1.90,1.90,2.70,3.50,3.50,3.50,n.a.,n.a.
World Economic Outlook,Annual percent change,W196PCPI%,NEW ZEALAND,Inflation,6.55,10.45,6.92,8.12,11.25,14.53,16.79,14.59,11.90,13.70,17.09,15.35,15.63,6.89,6.10,15.15,12.97,15.47,6.26,6.12,6.24,3.10,2.09,1.74,1.81,2.37,2.29,1.72,1.53,1.05,1.43
World Economic Outlook,Annual percent change,W278PCPI%,NICARAGUA,Inflation,26.67,27.37,26.86,27.04,13.33,7.69,2.73,11.45,4.59,75.69,35.14,23.80,24.86,31.07,35.45,219.46,681.63,911.92,14315.80,4709.30,3127.50,7755.30,40.50,20.40,7.70,11.20,6.80,5.70,5.00,n.a.,n.a.
World Economic Outlook,Annual percent change,W692PCPI%,NIGER,Inflation,0.80,4.18,9.77,11.73,3.34,9.15,23.55,23.32,10.11,9.90,7.32,24.30,10.40,1.62,8.41,-1.07,-3.25,-6.64,0.60,-0.82,-2.03,-1.91,-1.72,-0.40,35.60,10.90,5.34,2.93,4.50,n.a.,n.a.
World Economic Outlook,Annual percent change,W694PCPI%,NIGERIA,Inflation,13.76,16.00,3.46,5.40,12.67,33.87,24.30,13.84,21.71,11.71,9.97,20.81,7.70,23.21,39.58,5.52,5.36,10.20,34.50,50.47,7.36,13.01,44.59,57.16,57.00,72.80,29.30,8.50,10.20,13.40,8.00
World Economic Outlook,Annual percent change,W142PCPI%,NORWAY,Inflation,10.57,6.26,7.22,7.44,9.41,11.71,9.18,9.04,8.15,4.76,10.90,13.64,11.37,8.41,6.28,5.67,7.19,8.73,6.70,4.56,4.11,3.42,2.34,2.27,1.40,2.46,1.26,2.58,2.23,2.30,2.50
World Economic Outlook,Annual percent change,W449PCPI%,OMAN,Inflation,6.44,6.44,6.44,6.44,6.44,6.44,6.44,6.44,6.40,9.28,10.01,6.40,2.54,-2.07,-7.36,-3.97,7.64,2.56,1.59,1.56,10.01,4.60,0.96,1.14,-0.66,-1.13,0.29,-0.17,1.50,n.a.,n.a.
World Economic Outlook,Annual percent change,W564PCPI%,PAKISTAN,Inflation,4.49,7.72,5.18,23.06,26.66,20.90,7.16,10.13,6.18,8.24,11.98,11.90,5.90,6.16,6.08,5.61,3.51,4.68,8.82,7.87,9.05,11.55,3.63,9.80,11.30,12.41,10.26,12.45,7.80,7.00,8.00
World Economic Outlook,Annual percent change,W283PCPI%,PANAMA,Inflation,3.13,1.92,5.41,6.86,16.27,5.88,3.95,4.59,4.20,7.99,13.81,7.30,4.25,2.10,1.58,1.03,-0.07,1.00,0.36,0.12,0.78,1.38,1.75,0.48,1.33,0.94,1.26,1.26,0.64,n.a.,n.a.
World Economic Outlook,Annual percent change,W853PCPI%,PAPUA NEW GUINEA,Inflation,0.65,3.58,6.44,8.41,23.13,10.50,7.80,4.36,5.78,5.80,12.07,8.00,5.56,7.89,7.48,3.71,5.47,3.29,5.40,4.50,7.00,7.00,4.30,5.00,2.92,17.28,11.63,3.94,13.53,n.a.,n.a.
World Economic Outlook,Annual percent change,W288PCPI%,PARAGUAY,Inflation,-0.68,4.79,9.48,12.54,25.20,6.85,4.61,9.20,10.88,28.32,22.44,14.00,6.89,13.22,20.44,25.22,31.62,21.93,22.48,26.57,38.12,24.20,15.22,18.24,20.51,13.44,9.81,8.30,7.00,n.a.,n.a.
World Economic Outlook,Annual percent change,W293PCPI%,PERU,Inflation,5.03,6.79,7.22,9.49,16.89,23.62,33.48,38.05,57.85,66.69,59.15,75.43,64.45,111.13,110.18,163.42,77.90,85.80,667.00,3398.68,7481.60,409.50,73.50,48.59,23.70,11.13,11.54,8.50,7.30,4.70,4.50
World Economic Outlook,Annual percent change,W566PCPI%,PHILIPPINES,Inflation,15.28,21.39,8.20,16.58,34.15,6.76,6.20,7.91,7.59,18.82,18.02,12.38,10.19,-88.58,50.34,23.10,0.75,3.74,8.82,12.69,14.14,18.68,8.97,7.56,9.07,8.10,8.40,6.02,9.72,8.50,6.00
World Economic Outlook,Annual percent change,W964PCPI%,POLAND,Inflation,5.66,5.18,4.61,7.66,13.04,10.97,8.20,8.35,7.15,8.96,9.40,21.21,100.83,22.12,15.01,15.11,17.79,25.23,60.20,251.10,585.80,70.30,43.00,35.30,32.20,27.88,19.90,15.08,11.73,7.36,7.00
World Economic Outlook,Annual percent change,W182PCPI%,PORTUGAL,Inflation,3.91,4.34,5.45,6.95,12.68,12.77,9.20,7.07,4.47,4.47,7.81,19.90,22.67,25.08,29.29,19.39,11.62,9.49,9.51,11.60,13.40,11.40,8.90,6.50,5.20,4.10,3.10,2.20,2.80,2.30,2.00
World Economic Outlook,Annual percent change,W453PCPI%,QATAR,Inflation,20.03,20.03,20.03,20.03,20.03,20.03,20.03,20.03,10.03,6.01,6.84,8.46,5.70,2.70,1.14,1.13,1.90,4.49,4.82,3.30,3.00,4.42,3.06,-0.87,1.32,3.00,2.50,2.60,2.60,n.a.,n.a.
World Economic Outlook,Annual percent change,W968PCPI%,ROMANIA,Inflation,0.60,0.60,0.00,0.70,1.09,0.20,0.50,0.60,2.00,1.86,1.52,2.20,16.93,4.69,-0.32,-0.20,0.70,1.10,2.60,0.90,127.90,161.12,210.39,256.11,136.74,32.27,38.81,154.80,59.20,45.90,17.70
World Economic Outlook,Annual percent change,W922PCPI%,RUSSIA,Inflation,n.a.,n.a.,n.a.,n.a.,n.a.,n.a.,n.a.,n.a.,n.a.,n.a.,n.a.,n.a.,n.a.,n.a.,n.a.,n.a.,n.a.,n.a.,n.a.,n.a.,5.60,92.70,1353.00,895.90,302.03,190.09,47.80,14.74,27.65,100.48,20.17
World Economic Outlook,Annual percent change,W714PCPI%,RWANDA,Inflation,0.51,0.49,3.11,9.36,31.09,30.22,7.16,13.65,13.27,15.62,7.20,6.44,12.61,6.63,5.36,1.73,-1.10,4.15,2.91,1.04,4.20,19.60,9.50,12.50,64.00,22.00,8.90,11.69,6.84,n.a.,n.a.
World Economic Outlook,Annual percent change,W862PCPI%,SAMOA,Inflation,3.00,4.63,7.70,12.00,24.92,8.79,4.90,14.61,2.06,11.12,33.05,20.51,18.30,16.46,11.86,-32.03,5.74,4.57,8.51,6.47,15.23,-1.82,9.03,1.71,12.09,-2.91,5.38,6.86,2.23,n.a.,n.a.
World Economic Outlook,Annual percent change,W716PCPI%,SAO TOME & PRINCIPE,Inflation,4.32,5.65,5.53,9.97,18.43,29.70,10.90,7.39,10.33,5.48,0.22,11.48,0.40,7.00,3.20,0.10,13.90,25.00,44.28,42.89,42.25,46.48,33.70,25.50,51.16,36.80,35.50,71.30,42.25,n.a.,n.a.
World Economic Outlook,Annual percent change,W456PCPI%,SAUDI ARABIA,Inflation,0.18,4.50,4.30,16.51,21.41,34.62,31.55,11.39,11.21,1.17,4.38,2.77,1.02,0.18,-1.56,-3.08,-3.17,-1.59,0.91,1.00,2.08,4.56,-0.37,0.84,0.65,5.05,0.87,-0.43,-0.17,2.00,1.02
World Economic Outlook,Annual percent change,W722PCPI%,SENEGAL,Inflation,2.79,3.92,6.11,11.27,16.60,31.67,1.09,11.33,3.47,9.62,8.70,5.78,17.38,11.71,11.74,13.04,6.12,-4.13,-1.82,0.45,0.32,-1.75,-0.11,-0.59,32.10,8.54,2.80,1.80,1.50,n.a.,n.a.
World Economic Outlook,Annual percent change,W718PCPI%,SEYCHELLES,Inflation,14.89,14.89,20.99,18.24,24.49,18.54,14.91,14.95,11.72,12.58,13.52,10.51,-0.85,6.03,4.06,0.80,0.30,2.58,1.84,1.52,3.93,2.03,3.25,1.28,1.85,-0.29,-1.08,0.61,1.00,n.a.,n.a.
World Economic Outlook,Annual percent change,W724PCPI%,SIERRA LEONE,Inflation,6.40,-1.27,5.50,5.66,14.42,19.91,17.18,8.34,10.90,21.37,12.87,23.37,26.89,68.53,66.57,76.58,80.87,178.70,34.29,60.80,110.95,102.69,65.50,17.59,18.35,29.75,23.14,14.90,37.40,n.a.,n.a.
World Economic Outlook,Annual percent change,W576PCPI%,SINGAPORE,Inflation,0.36,1.69,2.29,19.51,22.45,2.64,-1.89,3.17,4.84,4.10,8.55,8.25,3.81,1.22,2.64,0.43,-1.39,0.52,1.52,2.35,3.46,3.43,2.28,2.24,3.08,1.77,1.38,2.00,-0.27,-0.12,1.12
World Economic Outlook,Annual percent change,W936PCPI%,SLOVAK REPUBLIC,Inflation,n.a.,n.a.,n.a.,n.a.,n.a.,n.a.,n.a.,n.a.,n.a.,n.a.,n.a.,n.a.,n.a.,n.a.,n.a.,n.a.,n.a.,n.a.,n.a.,n.a.,n.a.,n.a.,10.00,23.00,13.41,9.89,5.80,6.10,6.70,n.a.,n.a.
World Economic Outlook,Annual percent change,W961PCPI%,SLOVENIA,Inflation,n.a.,n.a.,n.a.,n.a.,n.a.,n.a.,n.a.,n.a.,n.a.,n.a.,n.a.,n.a.,n.a.,n.a.,n.a.,n.a.,n.a.,n.a.,n.a.,n.a.,n.a.,n.a.,202.60,32.30,19.80,12.60,9.68,9.10,7.90,n.a.,n.a.
World Economic Outlook,Annual percent change,W813PCPI%,SOLOMON ISLANDS,Inflation,4.32,5.65,6.90,3.23,18.85,10.09,4.26,8.62,12.15,7.75,8.25,13.14,13.00,6.95,10.92,9.41,13.10,11.49,16.81,14.94,8.56,10.77,9.18,9.20,13.30,9.60,12.10,8.10,8.00,n.a.,n.a.
World Economic Outlook,Annual percent change,W726PCPI%,SOMALIA,Inflation,0.89,-0.58,-2.98,6.51,18.25,19.36,14.11,10.56,10.22,23.65,58.99,44.60,22.61,36.38,92.25,37.77,35.74,28.11,81.70,110.40,n.a.,n.a.,n.a.,n.a.,n.a.,n.a.,n.a.,n.a.,n.a.,n.a.,n.a.
World Economic Outlook,Annual percent change,W199PCPI%,SOUTH AFRICA,Inflation,5.59,6.53,9.50,11.60,13.52,11.24,11.13,10.19,13.08,13.78,13.84,15.44,15.12,12.12,11.26,16.60,18.40,16.13,12.88,14.77,14.42,15.16,13.91,9.74,8.99,8.58,7.40,8.57,7.00,6.83,6.00
World Economic Outlook,Annual percent change,W184PCPI%,SPAIN,Inflation,5.71,8.11,8.26,11.44,16.33,16.97,14.88,24.53,19.72,15.50,15.61,14.62,14.39,12.17,11.28,8.81,8.79,5.25,4.84,6.79,6.72,5.93,5.92,4.57,4.72,4.67,3.56,1.96,1.84,1.83,2.05
World Economic Outlook,Annual percent change,W524PCPI%,SRI LANKA,Inflation,5.90,2.68,6.27,9.68,12.33,6.73,1.21,1.25,8.85,10.80,26.10,18.00,10.80,14.00,16.60,1.50,8.00,7.70,13.98,11.57,21.50,12.20,11.39,11.74,8.44,7.68,15.94,9.57,5.00,n.a.,n.a.
World Economic Outlook,Annual percent change,W361PCPI%,ST. KITTS AND NEVIS,Inflation,17.74,17.74,17.74,17.74,17.74,17.74,17.74,17.74,33.42,4.36,19.33,8.56,5.98,2.23,2.73,2.67,-0.03,0.94,0.23,5.13,4.19,4.18,2.86,1.79,1.43,3.00,2.05,8.92,3.61,n.a.,n.a.
World Economic Outlook,Annual percent change,W362PCPI%,ST. LUCIA,Inflation,13.40,8.35,7.92,13.45,34.20,17.75,9.66,8.87,10.88,9.36,19.44,15.00,4.60,1.50,1.20,1.60,0.00,7.00,0.80,4.40,3.80,6.20,5.65,0.75,2.61,5.86,3.26,3.00,2.68,n.a.,n.a.
World Economic Outlook,Annual percent change,W364PCPI%,ST. VINCENT & GRENS.,Inflation,6.80,6.80,6.80,6.80,6.80,6.80,11.29,10.19,8.46,15.60,17.33,20.18,7.32,5.42,2.74,2.02,1.19,2.89,0.30,2.64,7.25,5.92,3.81,4.25,0.44,2.35,4.41,0.49,1.73,n.a.,n.a.
World Economic Outlook,Annual percent change,W732PCPI%,SUDAN,Inflation,4.01,1.40,13.39,15.31,26.13,23.96,1.67,17.09,20.02,33.58,26.53,24.00,26.61,30.57,33.66,45.62,60.00,-87.35,62.86,65.34,65.18,123.58,117.62,101.31,115.48,68.38,132.82,46.65,17.00,16.92,9.00
World Economic Outlook,Annual percent change,W366PCPI%,SURINAME,Inflation,2.55,0.19,3.25,12.96,16.89,8.42,10.09,9.69,8.84,14.59,14.15,8.68,7.12,4.37,3.69,10.85,18.66,53.42,7.34,0.76,21.77,25.96,43.68,143.41,368.48,235.50,-0.80,7.20,20.80,n.a.,n.a.
World Economic Outlook,Annual percent change,W734PCPI%,SWAZILAND,Inflation,1.87,2.30,2.34,13.43,19.04,13.26,4.70,20.82,8.90,14.60,18.20,13.70,7.50,13.56,14.98,20.00,13.16,13.31,14.03,6.35,13.57,11.03,8.15,11.25,13.87,12.26,6.40,7.21,8.00,n.a.,n.a.
World Economic Outlook,Annual percent change,W144PCPI%,SWEDEN,Inflation,7.02,7.40,6.01,6.72,9.91,9.78,10.28,11.49,9.92,7.21,13.70,12.11,8.58,8.91,8.02,7.37,4.23,4.22,5.80,6.44,10.47,9.34,2.28,4.65,2.20,2.53,0.47,0.52,-0.14,0.20,1.00
World Economic Outlook,Annual percent change,W146PCPI%,SWITZERLAND,Inflation,3.62,6.57,6.66,8.76,9.77,6.70,1.72,1.30,-27.05,3.65,4.02,6.49,5.66,3.02,2.88,3.47,0.77,1.41,1.89,3.09,5.40,5.92,3.98,3.31,0.90,1.79,0.78,0.48,0.00,0.75,1.00
World Economic Outlook,Annual percent change,W463PCPI%,SYRIAN ARAB REPUBLIC,Inflation,4.24,4.88,0.78,20.00,15.38,11.46,11.43,11.79,5.10,4.36,19.33,18.40,14.27,5.99,9.45,16.82,36.19,71.43,30.00,15.38,11.11,9.00,11.01,13.22,15.33,7.72,8.87,1.89,1.00,n.a.,n.a.
World Economic Outlook,Annual percent change,W528PCPI%,TAIWAN PROV.OF CHINA,Inflation,3.57,2.82,2.99,8.18,47.48,5.23,2.50,7.04,5.77,9.76,19.01,16.33,2.96,1.37,-0.03,-0.16,0.70,0.52,1.29,4.40,4.13,3.62,4.47,2.94,4.09,3.68,3.07,0.90,1.66,0.80,1.30
World Economic Outlook,Annual percent change,W923PCPI%,TAJIKISTAN,Inflation,n.a.,n.a.,n.a.,n.a.,n.a.,n.a.,n.a.,n.a.,n.a.,n.a.,n.a.,n.a.,n.a.,n.a.,n.a.,n.a.,n.a.,n.a.,n.a.,n.a.,5.60,111.60,1156.66,2194.92,350.40,610.00,418.00,88.00,43.20,12.50,7.00
World Economic Outlook,Annual percent change,W738PCPI%,TANZANIA,Inflation,3.52,4.70,7.64,10.47,19.20,26.48,6.87,11.62,11.48,13.76,30.20,30.30,25.70,28.90,27.10,36.10,33.30,32.40,30.00,31.20,30.40,28.04,21.93,23.62,37.15,26.47,21.05,16.13,12.57,7.79,5.12
World Economic Outlook,Annual percent change,W578PCPI%,THAILAND,Inflation,-0.09,0.44,4.91,15.46,24.33,5.30,4.15,7.58,7.85,9.93,19.71,12.70,4.53,4.67,0.65,2.42,1.85,2.48,3.86,5.50,6.00,5.70,4.07,3.36,5.10,5.77,5.85,5.61,8.10,2.50,4.00
World Economic Outlook,Annual percent change,W742PCPI%,TOGO,Inflation,4.48,6.49,7.72,3.61,12.83,18.01,11.64,22.46,1.42,7.51,12.32,19.72,11.13,9.36,-3.53,-1.81,4.12,0.05,-0.15,-1.18,1.13,0.24,1.62,-0.09,35.26,13.89,4.60,7.07,0.98,n.a.,n.a.
World Economic Outlook,Annual percent change,W866PCPI%,TONGA,Inflation,0.00,0.00,0.00,0.00,0.00,0.00,11.66,17.48,9.58,5.45,-7.35,14.90,10.88,9.73,7.91,5.20,29.87,7.70,10.33,3.97,5.63,13.48,8.68,3.06,2.37,0.34,2.84,1.80,2.93,n.a.,n.a.
World Economic Outlook,Annual percent change,W369PCPI%,TRINIDAD AND TOBAGO,Inflation,2.52,3.50,9.29,14.83,21.99,16.99,10.57,11.11,10.58,14.43,17.48,14.49,11.41,16.84,13.28,7.66,7.69,13.42,12.06,4.63,11.03,3.85,6.47,13.10,3.70,5.30,3.30,3.70,4.00,n.a.,n.a.
World Economic Outlook,Annual percent change,W744PCPI%,TUNISIA,Inflation,1.11,6.00,1.89,4.72,4.07,9.52,5.35,6.74,5.24,7.83,10.01,8.90,13.67,8.97,8.60,7.55,6.16,8.22,7.16,7.72,6.50,8.20,5.82,4.02,4.62,6.26,3.78,3.70,3.60,3.60,3.50
World Economic Outlook,Annual percent change,W186PCPI%,TURKEY,Inflation,6.92,15.72,11.65,15.42,15.80,19.18,17.35,23.02,53.20,61.80,110.17,36.58,30.84,31.40,48.38,44.96,34.62,38.84,73.68,63.28,60.30,65.98,70.07,66.10,106.25,93.68,82.29,85.73,84.64,67.48,73.60
World Economic Outlook,Annual percent change,W925PCPI%,TURKMENISTAN,Inflation,n.a.,n.a.,n.a.,n.a.,n.a.,n.a.,n.a.,n.a.,n.a.,n.a.,n.a.,n.a.,n.a.,n.a.,n.a.,n.a.,n.a.,n.a.,n.a.,n.a.,4.20,102.50,492.90,3102.40,1748.30,1005.30,992.40,83.70,16.80,28.10,19.80
World Economic Outlook,Annual percent change,W746PCPI%,UGANDA,Inflation,74.93,74.93,74.93,74.93,74.93,74.93,74.93,74.93,49.45,94.95,99.20,100.00,100.00,150.00,16.71,100.00,143.80,215.40,166.70,130.80,45.40,20.82,42.24,29.96,6.53,6.11,7.49,7.75,5.80,5.00,5.00
World Economic Outlook,Annual percent change,W926PCPI%,UKRAINE,Inflation,n.a.,n.a.,n.a.,n.a.,n.a.,n.a.,n.a.,n.a.,n.a.,n.a.,n.a.,n.a.,n.a.,n.a.,n.a.,n.a.,n.a.,n.a.,n.a.,n.a.,4.20,91.17,1209.96,4734.91,891.19,376.35,80.23,15.89,10.58,27.93,9.43
World Economic Outlook,Annual percent change,W466PCPI%,UAE,Inflation,21.98,21.98,21.98,21.98,21.98,21.98,21.98,21.98,13.02,10.98,10.01,8.00,7.04,1.30,2.48,3.50,5.48,5.50,4.99,3.33,0.64,5.46,6.86,5.00,3.93,4.40,3.60,4.40,3.08,n.a.,n.a.
World Economic Outlook,Annual percent change,W112PCPI%,UNITED KINGDOM,Inflation,6.35,9.45,7.08,9.19,15.95,24.30,16.71,15.83,8.64,12.61,16.85,12.19,8.51,5.20,4.45,5.16,3.63,4.07,4.59,5.86,8.14,6.76,4.70,2.99,2.38,2.83,2.95,2.75,2.66,2.68,2.41
World Economic Outlook,Annual percent change,W111PCPI%,USA,Inflation,5.88,4.23,3.27,6.26,11.01,9.14,5.77,6.47,7.63,11.25,13.50,10.38,4.03,5.27,4.37,3.53,1.94,3.67,4.07,4.80,5.42,4.22,3.04,2.96,2.61,2.81,2.92,2.34,1.56,2.08,2.43
World Economic Outlook,Annual percent change,W298PCPI%,URUGUAY,Inflation,16.96,23.95,76.49,96.98,77.21,84.85,53.48,61.10,47.26,66.85,63.48,34.05,18.99,49.20,55.31,72.22,76.38,63.57,62.19,80.45,112.53,101.80,68.46,54.23,44.74,42.25,28.34,19.80,10.85,7.00,4.00
World Economic Outlook,Annual percent change,W927PCPI%,UZBEKISTAN,Inflation,n.a.,n.a.,n.a.,n.a.,n.a.,n.a.,n.a.,n.a.,n.a.,n.a.,n.a.,n.a.,n.a.,n.a.,n.a.,n.a.,n.a.,n.a.,n.a.,n.a.,4.00,109.70,626.90,534.17,1568.34,304.60,53.96,70.86,28.98,28.51,15.56
World Economic Outlook,Annual percent change,W846PCPI%,VANUATU,Inflation,5.65,4.47,6.02,12.96,17.11,6.96,0.29,4.73,6.69,3.39,9.89,22.00,9.02,3.46,6.83,2.04,4.80,14.72,8.36,7.53,4.98,6.50,4.10,3.60,2.30,2.20,0.90,2.80,5.00,n.a.,n.a.
World Economic Outlook,Annual percent change,W299PCPI%,VENEZUELA,Inflation,2.49,3.22,2.83,4.13,8.27,10.28,7.59,7.78,7.02,12.47,21.36,16.24,9.61,6.24,12.25,11.34,11.61,28.18,29.41,84.46,40.66,34.21,31.42,38.12,60.82,59.92,99.88,50.04,35.78,26.11,21.83
World Economic Outlook,Annual percent change,W582PCPI%,VIETNAM,Inflation,4.98,4.98,4.98,4.98,4.98,4.98,4.98,4.98,4.07,4.04,25.16,69.60,95.40,49.49,64.90,91.60,487.20,316.71,394.00,35.00,67.00,84.36,37.82,8.32,9.45,16.96,5.80,3.20,7.70,8.00,6.00
World Economic Outlook,Annual percent change,W474PCPI%,YEMEN,Inflation,n.a.,n.a.,n.a.,n.a.,n.a.,n.a.,n.a.,n.a.,n.a.,n.a.,n.a.,n.a.,n.a.,n.a.,n.a.,n.a.,n.a.,n.a.,n.a.,n.a.,33.46,44.91,50.60,62.33,71.75,62.51,27.30,6.30,9.00,n.a.,n.a.
World Economic Outlook,Annual percent change,W188PCPI%,YUGOSLAVIA,Inflation,9.53,15.70,15.93,19.48,21.98,23.49,11.15,14.66,14.09,20.68,30.88,39.83,31.51,40.23,54.71,72.27,89.77,120.80,194.09,1239.87,583.05,117.40,6146.61,n.a.,n.a.,n.a.,n.a.,n.a.,n.a.,n.a.,n.a.
World Economic Outlook,Annual percent change,W754PCPI%,ZAMBIA,Inflation,2.60,6.04,5.06,6.46,8.10,10.13,18.80,19.78,16.37,9.66,11.73,14.00,12.49,19.69,20.02,37.43,54.80,47.03,54.04,128.29,109.56,97.70,165.72,183.26,54.61,34.91,43.09,24.41,24.46,n.a.,n.a.
World Economic Outlook,Annual percent change,W698PCPI%,ZIMBABWE,Inflation,2.09,3.02,2.85,3.11,6.60,10.01,11.04,10.26,8.23,12.55,7.24,13.24,10.39,23.24,20.29,8.33,14.47,12.48,7.40,12.85,17.37,23.30,42.09,27.63,22.27,22.57,21.43,19.00,31.50,n.a.,n.a.
